<?xml version="1.0" encoding="utf-8"?>
<cwbopendata xmlns="urn:cwb:gov:tw:cwbcommon:0.1">
  <identifier>935188eb-2ebb-4605-acec-be7150d69610</identifier>
  <sender>weather@cwb.gov.tw</sender>
  <sent>2019-12-12T22:19:37+08:00</sent>
  <status>Actual</status>
  <scope>Public</scope>
  <msgType>Issue</msgType>
  <dataid>null</dataid>
  <source>MFC</source>
  <dataset>
    <datasetInfo>
      <datasetDescription>臺灣各縣市鄉鎮未來1週逐24小時天氣預報</datasetDescription>
      <datasetLanguage>zh-TW</datasetLanguage>
      <issueTime>2019-12-12T23:00:00+08:00</issueTime>
      <validTime>
        <startTime>2019-12-13T00:00:00+08:00</startTime>
        <endTime>2019-12-20T23:00:00+08:00</endTime>
      </validTime>
      <update>2019-12-12T22:19:37+08:00</update>
    </datasetInfo>
    <locations>
      <locationsName>嘉義市</locationsName>
      <location>
        <locationName>東區</locationName>
        <geocode>1002001</geocode>
        <lat>23.480384</lat>
        <lon>120.445361</lon>
        <weatherElement>
          <elementName>T</elementName>
          <description>平均溫度</description>
          <time>
            <startTime>2019-12-13T00:00:00+08:00</startTime>
            <endTime>2019-12-14T00:00:00+08:00</endTime>
            <elementValue>
              <value>19</value>
              <measures>攝氏度</measures>
            </elementValue>
          </time>
          <time>
            <startTime>2019-12-14T00:00:00+08:00</startTime>
            <endTime>2019-12-15T00:00:00+08:00</endTime>
            <elementValue>
              <value>20</value>
              <measures>攝氏度</measures>
            </elementValue>
          </time>
          <time>
            <startTime>2019-12-15T00:00:00+08:00</startTime>
            <endTime>2019-12-16T00:00:00+08:00</endTime>
            <elementValue>
              <value>21</value>
              <measures>攝氏度</measures>
            </elementValue>
          </time>
          <time>
            <startTime>2019-12-16T00:00:00+08:00</startTime>
            <endTime>2019-12-17T00:00:00+08:00</endTime>
            <elementValue>
              <value>22</value>
              <measures>攝氏度</measures>
            </elementValue>
          </time>
          <time>
            <startTime>2019-12-17T00:00:00+08:00</startTime>
            <endTime>2019-12-18T00:00:00+08:00</endTime>
            <elementValue>
              <value>22</value>
              <measures>攝氏度</measures>
            </elementValue>
          </time>
          <time>
            <startTime>2019-12-18T00:00:00+08:00</startTime>
            <endTime>2019-12-19T00:00:00+08:00</endTime>
            <elementValue>
              <value>22</value>
              <measures>攝氏度</measures>
            </elementValue>
          </time>
          <time>
            <startTime>2019-12-19T00:00:00+08:00</startTime>
            <endTime>2019-12-20T00:00:00+08:00</endTime>
            <elementValue>
              <value>21</value>
              <measures>攝氏度</measures>
            </elementValue>
          </time>
        </weatherElement>
        <weatherElement>
          <elementName>Td</elementName>
          <description>平均露點溫度</description>
          <time>
            <startTime>2019-12-13T00:00:00+08:00</startTime>
            <endTime>2019-12-14T00:00:00+08:00</endTime>
            <elementValue>
              <value>13</value>
              <measures>攝氏度</measures>
            </elementValue>
          </time>
          <time>
            <startTime>2019-12-14T00:00:00+08:00</startTime>
            <endTime>2019-12-15T00:00:00+08:00</endTime>
            <elementValue>
              <value>13</value>
              <measures>攝氏度</measures>
            </elementValue>
          </time>
          <time>
            <startTime>2019-12-15T00:00:00+08:00</startTime>
            <endTime>2019-12-16T00:00:00+08:00</endTime>
            <elementValue>
              <value>15</value>
              <measures>攝氏度</measures>
            </elementValue>
          </time>
          <time>
            <startTime>2019-12-16T00:00:00+08:00</startTime>
            <endTime>2019-12-17T00:00:00+08:00</endTime>
            <elementValue>
              <value>16</value>
              <measures>攝氏度</measures>
            </elementValue>
          </time>
          <time>
            <startTime>2019-12-17T00:00:00+08:00</startTime>
            <endTime>2019-12-18T00:00:00+08:00</endTime>
            <elementValue>
              <value>16</value>
              <measures>攝氏度</measures>
            </elementValue>
          </time>
          <time>
            <startTime>2019-12-18T00:00:00+08:00</startTime>
            <endTime>2019-12-19T00:00:00+08:00</endTime>
            <elementValue>
              <value>15</value>
              <measures>攝氏度</measures>
            </elementValue>
          </time>
          <time>
            <startTime>2019-12-19T00:00:00+08:00</startTime>
            <endTime>2019-12-20T00:00:00+08:00</endTime>
            <elementValue>
              <value>16</value>
              <measures>攝氏度</measures>
            </elementValue>
          </time>
        </weatherElement>
        <weatherElement>
          <elementName>RH</elementName>
          <description>平均相對濕度</description>
          <time>
            <startTime>2019-12-13T00:00:00+08:00</startTime>
            <endTime>2019-12-14T00:00:00+08:00</endTime>
            <elementValue>
              <value>70</value>
              <measures>百分比</measures>
            </elementValue>
          </time>
          <time>
            <startTime>2019-12-14T00:00:00+08:00</startTime>
            <endTime>2019-12-15T00:00:00+08:00</endTime>
            <elementValue>
              <value>66</value>
              <measures>百分比</measures>
            </elementValue>
          </time>
          <time>
            <startTime>2019-12-15T00:00:00+08:00</startTime>
            <endTime>2019-12-16T00:00:00+08:00</endTime>
            <elementValue>
              <value>68</value>
              <measures>百分比</measures>
            </elementValue>
          </time>
          <time>
            <startTime>2019-12-16T00:00:00+08:00</startTime>
            <endTime>2019-12-17T00:00:00+08:00</endTime>
            <elementValue>
              <value>68</value>
              <measures>百分比</measures>
            </elementValue>
          </time>
          <time>
            <startTime>2019-12-17T00:00:00+08:00</startTime>
            <endTime>2019-12-18T00:00:00+08:00</endTime>
            <elementValue>
              <value>69</value>
              <measures>百分比</measures>
            </elementValue>
          </time>
          <time>
            <startTime>2019-12-18T00:00:00+08:00</startTime>
            <endTime>2019-12-19T00:00:00+08:00</endTime>
            <elementValue>
              <value>66</value>
              <measures>百分比</measures>
            </elementValue>
          </time>
          <time>
            <startTime>2019-12-19T00:00:00+08:00</startTime>
            <endTime>2019-12-20T00:00:00+08:00</endTime>
            <elementValue>
              <value>71</value>
              <measures>百分比</measures>
            </elementValue>
          </time>
        </weatherElement>
        <weatherElement>
          <elementName>MaxT</elementName>
          <description>最高溫度</description>
          <time>
            <startTime>2019-12-13T00:00:00+08:00</startTime>
            <endTime>2019-12-14T00:00:00+08:00</endTime>
            <elementValue>
              <value>29</value>
              <measures>攝氏度</measures>
            </elementValue>
          </time>
          <time>
            <startTime>2019-12-14T00:00:00+08:00</startTime>
            <endTime>2019-12-15T00:00:00+08:00</endTime>
            <elementValue>
              <value>28</value>
              <measures>攝氏度</measures>
            </elementValue>
          </time>
          <time>
            <startTime>2019-12-15T00:00:00+08:00</startTime>
            <endTime>2019-12-16T00:00:00+08:00</endTime>
            <elementValue>
              <value>29</value>
              <measures>攝氏度</measures>
            </elementValue>
          </time>
          <time>
            <startTime>2019-12-16T00:00:00+08:00</startTime>
            <endTime>2019-12-17T00:00:00+08:00</endTime>
            <elementValue>
              <value>30</value>
              <measures>攝氏度</measures>
            </elementValue>
          </time>
          <time>
            <startTime>2019-12-17T00:00:00+08:00</startTime>
            <endTime>2019-12-18T00:00:00+08:00</endTime>
            <elementValue>
              <value>30</value>
              <measures>攝氏度</measures>
            </elementValue>
          </time>
          <time>
            <startTime>2019-12-18T00:00:00+08:00</startTime>
            <endTime>2019-12-19T00:00:00+08:00</endTime>
            <elementValue>
              <value>29</value>
              <measures>攝氏度</measures>
            </elementValue>
          </time>
          <time>
            <startTime>2019-12-19T00:00:00+08:00</startTime>
            <endTime>2019-12-20T00:00:00+08:00</endTime>
            <elementValue>
              <value>28</value>
              <measures>攝氏度</measures>
            </elementValue>
          </time>
        </weatherElement>
        <weatherElement>
          <elementName>MinT</elementName>
          <description>最低溫度</description>
          <time>
            <startTime>2019-12-13T00:00:00+08:00</startTime>
            <endTime>2019-12-14T00:00:00+08:00</endTime>
            <elementValue>
              <value>13</value>
              <measures>攝氏度</measures>
            </elementValue>
          </time>
          <time>
            <startTime>2019-12-14T00:00:00+08:00</startTime>
            <endTime>2019-12-15T00:00:00+08:00</endTime>
            <elementValue>
              <value>14</value>
              <measures>攝氏度</measures>
            </elementValue>
          </time>
          <time>
            <startTime>2019-12-15T00:00:00+08:00</startTime>
            <endTime>2019-12-16T00:00:00+08:00</endTime>
            <elementValue>
              <value>16</value>
              <measures>攝氏度</measures>
            </elementValue>
          </time>
          <time>
            <startTime>2019-12-16T00:00:00+08:00</startTime>
            <endTime>2019-12-17T00:00:00+08:00</endTime>
            <elementValue>
              <value>18</value>
              <measures>攝氏度</measures>
            </elementValue>
          </time>
          <time>
            <startTime>2019-12-17T00:00:00+08:00</startTime>
            <endTime>2019-12-18T00:00:00+08:00</endTime>
            <elementValue>
              <value>18</value>
              <measures>攝氏度</measures>
            </elementValue>
          </time>
          <time>
            <startTime>2019-12-18T00:00:00+08:00</startTime>
            <endTime>2019-12-19T00:00:00+08:00</endTime>
            <elementValue>
              <value>18</value>
              <measures>攝氏度</measures>
            </elementValue>
          </time>
          <time>
            <startTime>2019-12-19T00:00:00+08:00</startTime>
            <endTime>2019-12-20T00:00:00+08:00</endTime>
            <elementValue>
              <value>18</value>
              <measures>攝氏度</measures>
            </elementValue>
          </time>
        </weatherElement>
        <weatherElement>
          <elementName>MaxAT</elementName>
          <description>最高體感溫度</description>
          <time>
            <startTime>2019-12-13T00:00:00+08:00</startTime>
            <endTime>2019-12-14T00:00:00+08:00</endTime>
            <elementValue>
              <value>29</value>
              <measures>攝氏度</measures>
            </elementValue>
          </time>
          <time>
            <startTime>2019-12-14T00:00:00+08:00</startTime>
            <endTime>2019-12-15T00:00:00+08:00</endTime>
            <elementValue>
              <value>27</value>
              <measures>攝氏度</measures>
            </elementValue>
          </time>
          <time>
            <startTime>2019-12-15T00:00:00+08:00</startTime>
            <endTime>2019-12-16T00:00:00+08:00</endTime>
            <elementValue>
              <value>30</value>
              <measures>攝氏度</measures>
            </elementValue>
          </time>
          <time>
            <startTime>2019-12-16T00:00:00+08:00</startTime>
            <endTime>2019-12-17T00:00:00+08:00</endTime>
            <elementValue>
              <value>31</value>
              <measures>攝氏度</measures>
            </elementValue>
          </time>
          <time>
            <startTime>2019-12-17T00:00:00+08:00</startTime>
            <endTime>2019-12-18T00:00:00+08:00</endTime>
            <elementValue>
              <value>30</value>
              <measures>攝氏度</measures>
            </elementValue>
          </time>
          <time>
            <startTime>2019-12-18T00:00:00+08:00</startTime>
            <endTime>2019-12-19T00:00:00+08:00</endTime>
            <elementValue>
              <value>29</value>
              <measures>攝氏度</measures>
            </elementValue>
          </time>
          <time>
            <startTime>2019-12-19T00:00:00+08:00</startTime>
            <endTime>2019-12-20T00:00:00+08:00</endTime>
            <elementValue>
              <value>27</value>
              <measures>攝氏度</measures>
            </elementValue>
          </time>
        </weatherElement>
        <weatherElement>
          <elementName>MinAT</elementName>
          <description>最低體感溫度</description>
          <time>
            <startTime>2019-12-13T00:00:00+08:00</startTime>
            <endTime>2019-12-14T00:00:00+08:00</endTime>
            <elementValue>
              <value>12</value>
              <measures>攝氏度</measures>
            </elementValue>
          </time>
          <time>
            <startTime>2019-12-14T00:00:00+08:00</startTime>
            <endTime>2019-12-15T00:00:00+08:00</endTime>
            <elementValue>
              <value>13</value>
              <measures>攝氏度</measures>
            </elementValue>
          </time>
          <time>
            <startTime>2019-12-15T00:00:00+08:00</startTime>
            <endTime>2019-12-16T00:00:00+08:00</endTime>
            <elementValue>
              <value>15</value>
              <measures>攝氏度</measures>
            </elementValue>
          </time>
          <time>
            <startTime>2019-12-16T00:00:00+08:00</startTime>
            <endTime>2019-12-17T00:00:00+08:00</endTime>
            <elementValue>
              <value>17</value>
              <measures>攝氏度</measures>
            </elementValue>
          </time>
          <time>
            <startTime>2019-12-17T00:00:00+08:00</startTime>
            <endTime>2019-12-18T00:00:00+08:00</endTime>
            <elementValue>
              <value>16</value>
              <measures>攝氏度</measures>
            </elementValue>
          </time>
          <time>
            <startTime>2019-12-18T00:00:00+08:00</startTime>
            <endTime>2019-12-19T00:00:00+08:00</endTime>
            <elementValue>
              <value>16</value>
              <measures>攝氏度</measures>
            </elementValue>
          </time>
          <time>
            <startTime>2019-12-19T00:00:00+08:00</startTime>
            <endTime>2019-12-20T00:00:00+08:00</endTime>
            <elementValue>
              <value>16</value>
              <measures>攝氏度</measures>
            </elementValue>
          </time>
        </weatherElement>
        <weatherElement>
          <elementName>MaxCI</elementName>
          <description>最大舒適度指數</description>
          <time>
            <startTime>2019-12-13T00:00:00+08:00</startTime>
            <endTime>2019-12-14T00:00:00+08:00</endTime>
            <elementValue>
              <value>24</value>
              <measures>NA</measures>
            </elementValue>
          </time>
          <time>
            <startTime>2019-12-14T00:00:00+08:00</startTime>
            <endTime>2019-12-15T00:00:00+08:00</endTime>
            <elementValue>
              <value>23</value>
              <measures>NA</measures>
            </elementValue>
          </time>
          <time>
            <startTime>2019-12-15T00:00:00+08:00</startTime>
            <endTime>2019-12-16T00:00:00+08:00</endTime>
            <elementValue>
              <value>25</value>
              <measures>NA</measures>
            </elementValue>
          </time>
          <time>
            <startTime>2019-12-16T00:00:00+08:00</startTime>
            <endTime>2019-12-17T00:00:00+08:00</endTime>
            <elementValue>
              <value>25</value>
              <measures>NA</measures>
            </elementValue>
          </time>
          <time>
            <startTime>2019-12-17T00:00:00+08:00</startTime>
            <endTime>2019-12-18T00:00:00+08:00</endTime>
            <elementValue>
              <value>25</value>
              <measures>NA</measures>
            </elementValue>
          </time>
          <time>
            <startTime>2019-12-18T00:00:00+08:00</startTime>
            <endTime>2019-12-19T00:00:00+08:00</endTime>
            <elementValue>
              <value>24</value>
              <measures>NA</measures>
            </elementValue>
          </time>
          <time>
            <startTime>2019-12-19T00:00:00+08:00</startTime>
            <endTime>2019-12-20T00:00:00+08:00</endTime>
            <elementValue>
              <value>24</value>
              <measures>NA</measures>
            </elementValue>
          </time>
        </weatherElement>
        <weatherElement>
          <elementName>MinCI</elementName>
          <description>最小舒適度指數</description>
          <time>
            <startTime>2019-12-13T00:00:00+08:00</startTime>
            <endTime>2019-12-14T00:00:00+08:00</endTime>
            <elementValue>
              <value>13</value>
              <measures>NA</measures>
            </elementValue>
          </time>
          <time>
            <startTime>2019-12-14T00:00:00+08:00</startTime>
            <endTime>2019-12-15T00:00:00+08:00</endTime>
            <elementValue>
              <value>14</value>
              <measures>NA</measures>
            </elementValue>
          </time>
          <time>
            <startTime>2019-12-15T00:00:00+08:00</startTime>
            <endTime>2019-12-16T00:00:00+08:00</endTime>
            <elementValue>
              <value>16</value>
              <measures>NA</measures>
            </elementValue>
          </time>
          <time>
            <startTime>2019-12-16T00:00:00+08:00</startTime>
            <endTime>2019-12-17T00:00:00+08:00</endTime>
            <elementValue>
              <value>17</value>
              <measures>NA</measures>
            </elementValue>
          </time>
          <time>
            <startTime>2019-12-17T00:00:00+08:00</startTime>
            <endTime>2019-12-18T00:00:00+08:00</endTime>
            <elementValue>
              <value>17</value>
              <measures>NA</measures>
            </elementValue>
          </time>
          <time>
            <startTime>2019-12-18T00:00:00+08:00</startTime>
            <endTime>2019-12-19T00:00:00+08:00</endTime>
            <elementValue>
              <value>17</value>
              <measures>NA</measures>
            </elementValue>
          </time>
          <time>
            <startTime>2019-12-19T00:00:00+08:00</startTime>
            <endTime>2019-12-20T00:00:00+08:00</endTime>
            <elementValue>
              <value>17</value>
              <measures>NA</measures>
            </elementValue>
          </time>
        </weatherElement>
        <weatherElement>
          <elementName>PoP24h</elementName>
          <description>24小時降雨機率</description>
          <time>
            <startTime>2019-12-13T00:00:00+08:00</startTime>
            <endTime>2019-12-14T00:00:00+08:00</endTime>
            <elementValue>
              <value>0</value>
              <measures>百分比</measures>
            </elementValue>
          </time>
          <time>
            <startTime>2019-12-14T00:00:00+08:00</startTime>
            <endTime>2019-12-15T00:00:00+08:00</endTime>
            <elementValue>
              <value>0</value>
              <measures>百分比</measures>
            </elementValue>
          </time>
          <time>
            <startTime>2019-12-15T00:00:00+08:00</startTime>
            <endTime>2019-12-16T00:00:00+08:00</endTime>
            <elementValue>
              <value>0</value>
              <measures>百分比</measures>
            </elementValue>
          </time>
          <time>
            <startTime>2019-12-16T00:00:00+08:00</startTime>
            <endTime>2019-12-17T00:00:00+08:00</endTime>
            <elementValue>
              <value> </value>
              <measures>百分比</measures>
            </elementValue>
          </time>
          <time>
            <startTime>2019-12-17T00:00:00+08:00</startTime>
            <endTime>2019-12-18T00:00:00+08:00</endTime>
            <elementValue>
              <value> </value>
              <measures>百分比</measures>
            </elementValue>
          </time>
          <time>
            <startTime>2019-12-18T00:00:00+08:00</startTime>
            <endTime>2019-12-19T00:00:00+08:00</endTime>
            <elementValue>
              <value> </value>
              <measures>百分比</measures>
            </elementValue>
          </time>
          <time>
            <startTime>2019-12-19T00:00:00+08:00</startTime>
            <endTime>2019-12-20T00:00:00+08:00</endTime>
            <elementValue>
              <value> </value>
              <measures>百分比</measures>
            </elementValue>
          </time>
        </weatherElement>
        <weatherElement>
          <elementName>WD</elementName>
          <description>風向</description>
          <time>
            <startTime>2019-12-13T00:00:00+08:00</startTime>
            <endTime>2019-12-14T00:00:00+08:00</endTime>
            <elementValue>
              <value>偏北風</value>
              <measures>16方位</measures>
            </elementValue>
          </time>
          <time>
            <startTime>2019-12-14T00:00:00+08:00</startTime>
            <endTime>2019-12-15T00:00:00+08:00</endTime>
            <elementValue>
              <value>西南風</value>
              <measures>16方位</measures>
            </elementValue>
          </time>
          <time>
            <startTime>2019-12-15T00:00:00+08:00</startTime>
            <endTime>2019-12-16T00:00:00+08:00</endTime>
            <elementValue>
              <value>偏南風</value>
              <measures>16方位</measures>
            </elementValue>
          </time>
          <time>
            <startTime>2019-12-16T00:00:00+08:00</startTime>
            <endTime>2019-12-17T00:00:00+08:00</endTime>
            <elementValue>
              <value>東北風</value>
              <measures>16方位</measures>
            </elementValue>
          </time>
          <time>
            <startTime>2019-12-17T00:00:00+08:00</startTime>
            <endTime>2019-12-18T00:00:00+08:00</endTime>
            <elementValue>
              <value>東北風</value>
              <measures>16方位</measures>
            </elementValue>
          </time>
          <time>
            <startTime>2019-12-18T00:00:00+08:00</startTime>
            <endTime>2019-12-19T00:00:00+08:00</endTime>
            <elementValue>
              <value>偏東風</value>
              <measures>16方位</measures>
            </elementValue>
          </time>
          <time>
            <startTime>2019-12-19T00:00:00+08:00</startTime>
            <endTime>2019-12-20T00:00:00+08:00</endTime>
            <elementValue>
              <value>偏北風</value>
              <measures>16方位</measures>
            </elementValue>
          </time>
        </weatherElement>
        <weatherElement>
          <elementName>WS</elementName>
          <description>最大風速</description>
          <time>
            <startTime>2019-12-13T00:00:00+08:00</startTime>
            <endTime>2019-12-14T00:00:00+08:00</endTime>
            <elementValue>
              <value>4</value>
              <measures>公尺/秒</measures>
            </elementValue>
            <elementValue>
              <value>3</value>
              <measures>蒲福風級</measures>
            </elementValue>
          </time>
          <time>
            <startTime>2019-12-14T00:00:00+08:00</startTime>
            <endTime>2019-12-15T00:00:00+08:00</endTime>
            <elementValue>
              <value>4</value>
              <measures>公尺/秒</measures>
            </elementValue>
            <elementValue>
              <value>3</value>
              <measures>蒲福風級</measures>
            </elementValue>
          </time>
          <time>
            <startTime>2019-12-15T00:00:00+08:00</startTime>
            <endTime>2019-12-16T00:00:00+08:00</endTime>
            <elementValue>
              <value>3</value>
              <measures>公尺/秒</measures>
            </elementValue>
            <elementValue>
              <value>2</value>
              <measures>蒲福風級</measures>
            </elementValue>
          </time>
          <time>
            <startTime>2019-12-16T00:00:00+08:00</startTime>
            <endTime>2019-12-17T00:00:00+08:00</endTime>
            <elementValue>
              <value>3</value>
              <measures>公尺/秒</measures>
            </elementValue>
            <elementValue>
              <value>2</value>
              <measures>蒲福風級</measures>
            </elementValue>
          </time>
          <time>
            <startTime>2019-12-17T00:00:00+08:00</startTime>
            <endTime>2019-12-18T00:00:00+08:00</endTime>
            <elementValue>
              <value>4</value>
              <measures>公尺/秒</measures>
            </elementValue>
            <elementValue>
              <value>3</value>
              <measures>蒲福風級</measures>
            </elementValue>
          </time>
          <time>
            <startTime>2019-12-18T00:00:00+08:00</startTime>
            <endTime>2019-12-19T00:00:00+08:00</endTime>
            <elementValue>
              <value>3</value>
              <measures>公尺/秒</measures>
            </elementValue>
            <elementValue>
              <value>2</value>
              <measures>蒲福風級</measures>
            </elementValue>
          </time>
          <time>
            <startTime>2019-12-19T00:00:00+08:00</startTime>
            <endTime>2019-12-20T00:00:00+08:00</endTime>
            <elementValue>
              <value>4</value>
              <measures>公尺/秒</measures>
            </elementValue>
            <elementValue>
              <value>3</value>
              <measures>蒲福風級</measures>
            </elementValue>
          </time>
        </weatherElement>
        <weatherElement>
          <elementName>Wx</elementName>
          <description>天氣現象</description>
          <time>
            <startTime>2019-12-13T00:00:00+08:00</startTime>
            <endTime>2019-12-14T00:00:00+08:00</endTime>
            <elementValue>
              <value>晴時多雲</value>
              <measures>自定義 Wx 文字</measures>
            </elementValue>
            <elementValue>
              <value>02</value>
              <measures>自定義 Wx 單位</measures>
            </elementValue>
          </time>
          <time>
            <startTime>2019-12-14T00:00:00+08:00</startTime>
            <endTime>2019-12-15T00:00:00+08:00</endTime>
            <elementValue>
              <value>晴時多雲</value>
              <measures>自定義 Wx 文字</measures>
            </elementValue>
            <elementValue>
              <value>02</value>
              <measures>自定義 Wx 單位</measures>
            </elementValue>
          </time>
          <time>
            <startTime>2019-12-15T00:00:00+08:00</startTime>
            <endTime>2019-12-16T00:00:00+08:00</endTime>
            <elementValue>
              <value>晴時多雲</value>
              <measures>自定義 Wx 文字</measures>
            </elementValue>
            <elementValue>
              <value>02</value>
              <measures>自定義 Wx 單位</measures>
            </elementValue>
          </time>
          <time>
            <startTime>2019-12-16T00:00:00+08:00</startTime>
            <endTime>2019-12-17T00:00:00+08:00</endTime>
            <elementValue>
              <value>晴時多雲</value>
              <measures>自定義 Wx 文字</measures>
            </elementValue>
            <elementValue>
              <value>02</value>
              <measures>自定義 Wx 單位</measures>
            </elementValue>
          </time>
          <time>
            <startTime>2019-12-17T00:00:00+08:00</startTime>
            <endTime>2019-12-18T00:00:00+08:00</endTime>
            <elementValue>
              <value>晴時多雲</value>
              <measures>自定義 Wx 文字</measures>
            </elementValue>
            <elementValue>
              <value>02</value>
              <measures>自定義 Wx 單位</measures>
            </elementValue>
          </time>
          <time>
            <startTime>2019-12-18T00:00:00+08:00</startTime>
            <endTime>2019-12-19T00:00:00+08:00</endTime>
            <elementValue>
              <value>晴時多雲</value>
              <measures>自定義 Wx 文字</measures>
            </elementValue>
            <elementValue>
              <value>02</value>
              <measures>自定義 Wx 單位</measures>
            </elementValue>
          </time>
          <time>
            <startTime>2019-12-19T00:00:00+08:00</startTime>
            <endTime>2019-12-20T00:00:00+08:00</endTime>
            <elementValue>
              <value>晴時多雲</value>
              <measures>自定義 Wx 文字</measures>
            </elementValue>
            <elementValue>
              <value>02</value>
              <measures>自定義 Wx 單位</measures>
            </elementValue>
          </time>
        </weatherElement>
        <weatherElement>
          <elementName>UVI</elementName>
          <description>紫外獻指數</description>
          <time>
            <startTime>2019-12-13T06:00:00+08:00</startTime>
            <endTime>2019-12-13T18:00:00+08:00</endTime>
            <elementValue>
              <value>5</value>
              <measures>紫外線指數</measures>
            </elementValue>
            <elementValue>
              <value>中量級</value>
              <measures>曝曬級數</measures>
            </elementValue>
          </time>
          <time>
            <startTime>2019-12-14T06:00:00+08:00</startTime>
            <endTime>2019-12-14T18:00:00+08:00</endTime>
            <elementValue>
              <value>5</value>
              <measures>紫外線指數</measures>
            </elementValue>
            <elementValue>
              <value>中量級</value>
              <measures>曝曬級數</measures>
            </elementValue>
          </time>
          <time>
            <startTime>2019-12-15T06:00:00+08:00</startTime>
            <endTime>2019-12-15T18:00:00+08:00</endTime>
            <elementValue>
              <value>5</value>
              <measures>紫外線指數</measures>
            </elementValue>
            <elementValue>
              <value>中量級</value>
              <measures>曝曬級數</measures>
            </elementValue>
          </time>
          <time>
            <startTime>2019-12-16T06:00:00+08:00</startTime>
            <endTime>2019-12-16T18:00:00+08:00</endTime>
            <elementValue>
              <value>5</value>
              <measures>紫外線指數</measures>
            </elementValue>
            <elementValue>
              <value>中量級</value>
              <measures>曝曬級數</measures>
            </elementValue>
          </time>
          <time>
            <startTime>2019-12-17T06:00:00+08:00</startTime>
            <endTime>2019-12-17T18:00:00+08:00</endTime>
            <elementValue>
              <value>5</value>
              <measures>紫外線指數</measures>
            </elementValue>
            <elementValue>
              <value>中量級</value>
              <measures>曝曬級數</measures>
            </elementValue>
          </time>
          <time>
            <startTime>2019-12-18T06:00:00+08:00</startTime>
            <endTime>2019-12-18T18:00:00+08:00</endTime>
            <elementValue>
              <value>5</value>
              <measures>紫外線指數</measures>
            </elementValue>
            <elementValue>
              <value>中量級</value>
              <measures>曝曬級數</measures>
            </elementValue>
          </time>
          <time>
            <startTime>2019-12-19T06:00:00+08:00</startTime>
            <endTime>2019-12-19T18:00:00+08:00</endTime>
            <elementValue>
              <value>5</value>
              <measures>紫外線指數</measures>
            </elementValue>
            <elementValue>
              <value>中量級</value>
              <measures>曝曬級數</measures>
            </elementValue>
          </time>
        </weatherElement>
        <weatherElement>
          <elementName>WeatherDescription</elementName>
          <description>天氣預報綜合描述</description>
          <time>
            <startTime>2019-12-13T00:00:00+08:00</startTime>
            <endTime>2019-12-14T00:00:00+08:00</endTime>
            <elementValue>
              <value>晴時多雲。降雨機率 0%。溫度攝氏13至29度。寒冷至舒適。偏北風 風速3級(每秒4公尺)。相對濕度70%。</value>
              <measures>NA</measures>
            </elementValue>
          </time>
          <time>
            <startTime>2019-12-14T00:00:00+08:00</startTime>
            <endTime>2019-12-15T00:00:00+08:00</endTime>
            <elementValue>
              <value>晴時多雲。降雨機率 0%。溫度攝氏14至28度。寒冷至舒適。西南風 風速3級(每秒4公尺)。相對濕度66%。</value>
              <measures>NA</measures>
            </elementValue>
          </time>
          <time>
            <startTime>2019-12-15T00:00:00+08:00</startTime>
            <endTime>2019-12-16T00:00:00+08:00</endTime>
            <elementValue>
              <value>晴時多雲。降雨機率 0%。溫度攝氏16至29度。稍有寒意至舒適。偏南風 風速2級(每秒3公尺)。相對濕度68%。</value>
              <measures>NA</measures>
            </elementValue>
          </time>
          <time>
            <startTime>2019-12-16T00:00:00+08:00</startTime>
            <endTime>2019-12-17T00:00:00+08:00</endTime>
            <elementValue>
              <value>晴時多雲。溫度攝氏18至30度。稍有寒意至舒適。東北風 風速2級(每秒3公尺)。相對濕度68%。</value>
              <measures>NA</measures>
            </elementValue>
          </time>
          <time>
            <startTime>2019-12-17T00:00:00+08:00</startTime>
            <endTime>2019-12-18T00:00:00+08:00</endTime>
            <elementValue>
              <value>晴時多雲。溫度攝氏18至30度。稍有寒意至舒適。東北風 風速3級(每秒4公尺)。相對濕度69%。</value>
              <measures>NA</measures>
            </elementValue>
          </time>
          <time>
            <startTime>2019-12-18T00:00:00+08:00</startTime>
            <endTime>2019-12-19T00:00:00+08:00</endTime>
            <elementValue>
              <value>晴時多雲。溫度攝氏18至29度。稍有寒意至舒適。偏東風 風速2級(每秒3公尺)。相對濕度66%。</value>
              <measures>NA</measures>
            </elementValue>
          </time>
          <time>
            <startTime>2019-12-19T00:00:00+08:00</startTime>
            <endTime>2019-12-20T00:00:00+08:00</endTime>
            <elementValue>
              <value>晴時多雲。溫度攝氏18至28度。稍有寒意至舒適。偏北風 風速3級(每秒4公尺)。相對濕度71%。</value>
              <measures>NA</measures>
            </elementValue>
          </time>
        </weatherElement>
      </location>
      <location>
        <locationName>西區</locationName>
        <geocode>1002002</geocode>
        <lat>23.466267</lat>
        <lon>120.427285</lon>
        <weatherElement>
          <elementName>T</elementName>
          <description>平均溫度</description>
          <time>
            <startTime>2019-12-13T00:00:00+08:00</startTime>
            <endTime>2019-12-14T00:00:00+08:00</endTime>
            <elementValue>
              <value>19</value>
              <measures>攝氏度</measures>
            </elementValue>
          </time>
          <time>
            <startTime>2019-12-14T00:00:00+08:00</startTime>
            <endTime>2019-12-15T00:00:00+08:00</endTime>
            <elementValue>
              <value>20</value>
              <measures>攝氏度</measures>
            </elementValue>
          </time>
          <time>
            <startTime>2019-12-15T00:00:00+08:00</startTime>
            <endTime>2019-12-16T00:00:00+08:00</endTime>
            <elementValue>
              <value>21</value>
              <measures>攝氏度</measures>
            </elementValue>
          </time>
          <time>
            <startTime>2019-12-16T00:00:00+08:00</startTime>
            <endTime>2019-12-17T00:00:00+08:00</endTime>
            <elementValue>
              <value>22</value>
              <measures>攝氏度</measures>
            </elementValue>
          </time>
          <time>
            <startTime>2019-12-17T00:00:00+08:00</startTime>
            <endTime>2019-12-18T00:00:00+08:00</endTime>
            <elementValue>
              <value>22</value>
              <measures>攝氏度</measures>
            </elementValue>
          </time>
          <time>
            <startTime>2019-12-18T00:00:00+08:00</startTime>
            <endTime>2019-12-19T00:00:00+08:00</endTime>
            <elementValue>
              <value>22</value>
              <measures>攝氏度</measures>
            </elementValue>
          </time>
          <time>
            <startTime>2019-12-19T00:00:00+08:00</startTime>
            <endTime>2019-12-20T00:00:00+08:00</endTime>
            <elementValue>
              <value>21</value>
              <measures>攝氏度</measures>
            </elementValue>
          </time>
        </weatherElement>
        <weatherElement>
          <elementName>Td</elementName>
          <description>平均露點溫度</description>
          <time>
            <startTime>2019-12-13T00:00:00+08:00</startTime>
            <endTime>2019-12-14T00:00:00+08:00</endTime>
            <elementValue>
              <value>14</value>
              <measures>攝氏度</measures>
            </elementValue>
          </time>
          <time>
            <startTime>2019-12-14T00:00:00+08:00</startTime>
            <endTime>2019-12-15T00:00:00+08:00</endTime>
            <elementValue>
              <value>13</value>
              <measures>攝氏度</measures>
            </elementValue>
          </time>
          <time>
            <startTime>2019-12-15T00:00:00+08:00</startTime>
            <endTime>2019-12-16T00:00:00+08:00</endTime>
            <elementValue>
              <value>15</value>
              <measures>攝氏度</measures>
            </elementValue>
          </time>
          <time>
            <startTime>2019-12-16T00:00:00+08:00</startTime>
            <endTime>2019-12-17T00:00:00+08:00</endTime>
            <elementValue>
              <value>16</value>
              <measures>攝氏度</measures>
            </elementValue>
          </time>
          <time>
            <startTime>2019-12-17T00:00:00+08:00</startTime>
            <endTime>2019-12-18T00:00:00+08:00</endTime>
            <elementValue>
              <value>16</value>
              <measures>攝氏度</measures>
            </elementValue>
          </time>
          <time>
            <startTime>2019-12-18T00:00:00+08:00</startTime>
            <endTime>2019-12-19T00:00:00+08:00</endTime>
            <elementValue>
              <value>15</value>
              <measures>攝氏度</measures>
            </elementValue>
          </time>
          <time>
            <startTime>2019-12-19T00:00:00+08:00</startTime>
            <endTime>2019-12-20T00:00:00+08:00</endTime>
            <elementValue>
              <value>16</value>
              <measures>攝氏度</measures>
            </elementValue>
          </time>
        </weatherElement>
        <weatherElement>
          <elementName>RH</elementName>
          <description>平均相對濕度</description>
          <time>
            <startTime>2019-12-13T00:00:00+08:00</startTime>
            <endTime>2019-12-14T00:00:00+08:00</endTime>
            <elementValue>
              <value>72</value>
              <measures>百分比</measures>
            </elementValue>
          </time>
          <time>
            <startTime>2019-12-14T00:00:00+08:00</startTime>
            <endTime>2019-12-15T00:00:00+08:00</endTime>
            <elementValue>
              <value>69</value>
              <measures>百分比</measures>
            </elementValue>
          </time>
          <time>
            <startTime>2019-12-15T00:00:00+08:00</startTime>
            <endTime>2019-12-16T00:00:00+08:00</endTime>
            <elementValue>
              <value>70</value>
              <measures>百分比</measures>
            </elementValue>
          </time>
          <time>
            <startTime>2019-12-16T00:00:00+08:00</startTime>
            <endTime>2019-12-17T00:00:00+08:00</endTime>
            <elementValue>
              <value>70</value>
              <measures>百分比</measures>
            </elementValue>
          </time>
          <time>
            <startTime>2019-12-17T00:00:00+08:00</startTime>
            <endTime>2019-12-18T00:00:00+08:00</endTime>
            <elementValue>
              <value>71</value>
              <measures>百分比</measures>
            </elementValue>
          </time>
          <time>
            <startTime>2019-12-18T00:00:00+08:00</startTime>
            <endTime>2019-12-19T00:00:00+08:00</endTime>
            <elementValue>
              <value>68</value>
              <measures>百分比</measures>
            </elementValue>
          </time>
          <time>
            <startTime>2019-12-19T00:00:00+08:00</startTime>
            <endTime>2019-12-20T00:00:00+08:00</endTime>
            <elementValue>
              <value>72</value>
              <measures>百分比</measures>
            </elementValue>
          </time>
        </weatherElement>
        <weatherElement>
          <elementName>MaxT</elementName>
          <description>最高溫度</description>
          <time>
            <startTime>2019-12-13T00:00:00+08:00</startTime>
            <endTime>2019-12-14T00:00:00+08:00</endTime>
            <elementValue>
              <value>29</value>
              <measures>攝氏度</measures>
            </elementValue>
          </time>
          <time>
            <startTime>2019-12-14T00:00:00+08:00</startTime>
            <endTime>2019-12-15T00:00:00+08:00</endTime>
            <elementValue>
              <value>28</value>
              <measures>攝氏度</measures>
            </elementValue>
          </time>
          <time>
            <startTime>2019-12-15T00:00:00+08:00</startTime>
            <endTime>2019-12-16T00:00:00+08:00</endTime>
            <elementValue>
              <value>29</value>
              <measures>攝氏度</measures>
            </elementValue>
          </time>
          <time>
            <startTime>2019-12-16T00:00:00+08:00</startTime>
            <endTime>2019-12-17T00:00:00+08:00</endTime>
            <elementValue>
              <value>30</value>
              <measures>攝氏度</measures>
            </elementValue>
          </time>
          <time>
            <startTime>2019-12-17T00:00:00+08:00</startTime>
            <endTime>2019-12-18T00:00:00+08:00</endTime>
            <elementValue>
              <value>30</value>
              <measures>攝氏度</measures>
            </elementValue>
          </time>
          <time>
            <startTime>2019-12-18T00:00:00+08:00</startTime>
            <endTime>2019-12-19T00:00:00+08:00</endTime>
            <elementValue>
              <value>29</value>
              <measures>攝氏度</measures>
            </elementValue>
          </time>
          <time>
            <startTime>2019-12-19T00:00:00+08:00</startTime>
            <endTime>2019-12-20T00:00:00+08:00</endTime>
            <elementValue>
              <value>28</value>
              <measures>攝氏度</measures>
            </elementValue>
          </time>
        </weatherElement>
        <weatherElement>
          <elementName>MinT</elementName>
          <description>最低溫度</description>
          <time>
            <startTime>2019-12-13T00:00:00+08:00</startTime>
            <endTime>2019-12-14T00:00:00+08:00</endTime>
            <elementValue>
              <value>13</value>
              <measures>攝氏度</measures>
            </elementValue>
          </time>
          <time>
            <startTime>2019-12-14T00:00:00+08:00</startTime>
            <endTime>2019-12-15T00:00:00+08:00</endTime>
            <elementValue>
              <value>14</value>
              <measures>攝氏度</measures>
            </elementValue>
          </time>
          <time>
            <startTime>2019-12-15T00:00:00+08:00</startTime>
            <endTime>2019-12-16T00:00:00+08:00</endTime>
            <elementValue>
              <value>16</value>
              <measures>攝氏度</measures>
            </elementValue>
          </time>
          <time>
            <startTime>2019-12-16T00:00:00+08:00</startTime>
            <endTime>2019-12-17T00:00:00+08:00</endTime>
            <elementValue>
              <value>17</value>
              <measures>攝氏度</measures>
            </elementValue>
          </time>
          <time>
            <startTime>2019-12-17T00:00:00+08:00</startTime>
            <endTime>2019-12-18T00:00:00+08:00</endTime>
            <elementValue>
              <value>17</value>
              <measures>攝氏度</measures>
            </elementValue>
          </time>
          <time>
            <startTime>2019-12-18T00:00:00+08:00</startTime>
            <endTime>2019-12-19T00:00:00+08:00</endTime>
            <elementValue>
              <value>17</value>
              <measures>攝氏度</measures>
            </elementValue>
          </time>
          <time>
            <startTime>2019-12-19T00:00:00+08:00</startTime>
            <endTime>2019-12-20T00:00:00+08:00</endTime>
            <elementValue>
              <value>17</value>
              <measures>攝氏度</measures>
            </elementValue>
          </time>
        </weatherElement>
        <weatherElement>
          <elementName>MaxAT</elementName>
          <description>最高體感溫度</description>
          <time>
            <startTime>2019-12-13T00:00:00+08:00</startTime>
            <endTime>2019-12-14T00:00:00+08:00</endTime>
            <elementValue>
              <value>28</value>
              <measures>攝氏度</measures>
            </elementValue>
          </time>
          <time>
            <startTime>2019-12-14T00:00:00+08:00</startTime>
            <endTime>2019-12-15T00:00:00+08:00</endTime>
            <elementValue>
              <value>27</value>
              <measures>攝氏度</measures>
            </elementValue>
          </time>
          <time>
            <startTime>2019-12-15T00:00:00+08:00</startTime>
            <endTime>2019-12-16T00:00:00+08:00</endTime>
            <elementValue>
              <value>29</value>
              <measures>攝氏度</measures>
            </elementValue>
          </time>
          <time>
            <startTime>2019-12-16T00:00:00+08:00</startTime>
            <endTime>2019-12-17T00:00:00+08:00</endTime>
            <elementValue>
              <value>30</value>
              <measures>攝氏度</measures>
            </elementValue>
          </time>
          <time>
            <startTime>2019-12-17T00:00:00+08:00</startTime>
            <endTime>2019-12-18T00:00:00+08:00</endTime>
            <elementValue>
              <value>30</value>
              <measures>攝氏度</measures>
            </elementValue>
          </time>
          <time>
            <startTime>2019-12-18T00:00:00+08:00</startTime>
            <endTime>2019-12-19T00:00:00+08:00</endTime>
            <elementValue>
              <value>28</value>
              <measures>攝氏度</measures>
            </elementValue>
          </time>
          <time>
            <startTime>2019-12-19T00:00:00+08:00</startTime>
            <endTime>2019-12-20T00:00:00+08:00</endTime>
            <elementValue>
              <value>27</value>
              <measures>攝氏度</measures>
            </elementValue>
          </time>
        </weatherElement>
        <weatherElement>
          <elementName>MinAT</elementName>
          <description>最低體感溫度</description>
          <time>
            <startTime>2019-12-13T00:00:00+08:00</startTime>
            <endTime>2019-12-14T00:00:00+08:00</endTime>
            <elementValue>
              <value>12</value>
              <measures>攝氏度</measures>
            </elementValue>
          </time>
          <time>
            <startTime>2019-12-14T00:00:00+08:00</startTime>
            <endTime>2019-12-15T00:00:00+08:00</endTime>
            <elementValue>
              <value>12</value>
              <measures>攝氏度</measures>
            </elementValue>
          </time>
          <time>
            <startTime>2019-12-15T00:00:00+08:00</startTime>
            <endTime>2019-12-16T00:00:00+08:00</endTime>
            <elementValue>
              <value>15</value>
              <measures>攝氏度</measures>
            </elementValue>
          </time>
          <time>
            <startTime>2019-12-16T00:00:00+08:00</startTime>
            <endTime>2019-12-17T00:00:00+08:00</endTime>
            <elementValue>
              <value>16</value>
              <measures>攝氏度</measures>
            </elementValue>
          </time>
          <time>
            <startTime>2019-12-17T00:00:00+08:00</startTime>
            <endTime>2019-12-18T00:00:00+08:00</endTime>
            <elementValue>
              <value>16</value>
              <measures>攝氏度</measures>
            </elementValue>
          </time>
          <time>
            <startTime>2019-12-18T00:00:00+08:00</startTime>
            <endTime>2019-12-19T00:00:00+08:00</endTime>
            <elementValue>
              <value>16</value>
              <measures>攝氏度</measures>
            </elementValue>
          </time>
          <time>
            <startTime>2019-12-19T00:00:00+08:00</startTime>
            <endTime>2019-12-20T00:00:00+08:00</endTime>
            <elementValue>
              <value>15</value>
              <measures>攝氏度</measures>
            </elementValue>
          </time>
        </weatherElement>
        <weatherElement>
          <elementName>MaxCI</elementName>
          <description>最大舒適度指數</description>
          <time>
            <startTime>2019-12-13T00:00:00+08:00</startTime>
            <endTime>2019-12-14T00:00:00+08:00</endTime>
            <elementValue>
              <value>24</value>
              <measures>NA</measures>
            </elementValue>
          </time>
          <time>
            <startTime>2019-12-14T00:00:00+08:00</startTime>
            <endTime>2019-12-15T00:00:00+08:00</endTime>
            <elementValue>
              <value>24</value>
              <measures>NA</measures>
            </elementValue>
          </time>
          <time>
            <startTime>2019-12-15T00:00:00+08:00</startTime>
            <endTime>2019-12-16T00:00:00+08:00</endTime>
            <elementValue>
              <value>25</value>
              <measures>NA</measures>
            </elementValue>
          </time>
          <time>
            <startTime>2019-12-16T00:00:00+08:00</startTime>
            <endTime>2019-12-17T00:00:00+08:00</endTime>
            <elementValue>
              <value>25</value>
              <measures>NA</measures>
            </elementValue>
          </time>
          <time>
            <startTime>2019-12-17T00:00:00+08:00</startTime>
            <endTime>2019-12-18T00:00:00+08:00</endTime>
            <elementValue>
              <value>25</value>
              <measures>NA</measures>
            </elementValue>
          </time>
          <time>
            <startTime>2019-12-18T00:00:00+08:00</startTime>
            <endTime>2019-12-19T00:00:00+08:00</endTime>
            <elementValue>
              <value>25</value>
              <measures>NA</measures>
            </elementValue>
          </time>
          <time>
            <startTime>2019-12-19T00:00:00+08:00</startTime>
            <endTime>2019-12-20T00:00:00+08:00</endTime>
            <elementValue>
              <value>24</value>
              <measures>NA</measures>
            </elementValue>
          </time>
        </weatherElement>
        <weatherElement>
          <elementName>MinCI</elementName>
          <description>最小舒適度指數</description>
          <time>
            <startTime>2019-12-13T00:00:00+08:00</startTime>
            <endTime>2019-12-14T00:00:00+08:00</endTime>
            <elementValue>
              <value>13</value>
              <measures>NA</measures>
            </elementValue>
          </time>
          <time>
            <startTime>2019-12-14T00:00:00+08:00</startTime>
            <endTime>2019-12-15T00:00:00+08:00</endTime>
            <elementValue>
              <value>14</value>
              <measures>NA</measures>
            </elementValue>
          </time>
          <time>
            <startTime>2019-12-15T00:00:00+08:00</startTime>
            <endTime>2019-12-16T00:00:00+08:00</endTime>
            <elementValue>
              <value>16</value>
              <measures>NA</measures>
            </elementValue>
          </time>
          <time>
            <startTime>2019-12-16T00:00:00+08:00</startTime>
            <endTime>2019-12-17T00:00:00+08:00</endTime>
            <elementValue>
              <value>17</value>
              <measures>NA</measures>
            </elementValue>
          </time>
          <time>
            <startTime>2019-12-17T00:00:00+08:00</startTime>
            <endTime>2019-12-18T00:00:00+08:00</endTime>
            <elementValue>
              <value>17</value>
              <measures>NA</measures>
            </elementValue>
          </time>
          <time>
            <startTime>2019-12-18T00:00:00+08:00</startTime>
            <endTime>2019-12-19T00:00:00+08:00</endTime>
            <elementValue>
              <value>17</value>
              <measures>NA</measures>
            </elementValue>
          </time>
          <time>
            <startTime>2019-12-19T00:00:00+08:00</startTime>
            <endTime>2019-12-20T00:00:00+08:00</endTime>
            <elementValue>
              <value>17</value>
              <measures>NA</measures>
            </elementValue>
          </time>
        </weatherElement>
        <weatherElement>
          <elementName>PoP24h</elementName>
          <description>24小時降雨機率</description>
          <time>
            <startTime>2019-12-13T00:00:00+08:00</startTime>
            <endTime>2019-12-14T00:00:00+08:00</endTime>
            <elementValue>
              <value>0</value>
              <measures>百分比</measures>
            </elementValue>
          </time>
          <time>
            <startTime>2019-12-14T00:00:00+08:00</startTime>
            <endTime>2019-12-15T00:00:00+08:00</endTime>
            <elementValue>
              <value>0</value>
              <measures>百分比</measures>
            </elementValue>
          </time>
          <time>
            <startTime>2019-12-15T00:00:00+08:00</startTime>
            <endTime>2019-12-16T00:00:00+08:00</endTime>
            <elementValue>
              <value>0</value>
              <measures>百分比</measures>
            </elementValue>
          </time>
          <time>
            <startTime>2019-12-16T00:00:00+08:00</startTime>
            <endTime>2019-12-17T00:00:00+08:00</endTime>
            <elementValue>
              <value> </value>
              <measures>百分比</measures>
            </elementValue>
          </time>
          <time>
            <startTime>2019-12-17T00:00:00+08:00</startTime>
            <endTime>2019-12-18T00:00:00+08:00</endTime>
            <elementValue>
              <value> </value>
              <measures>百分比</measures>
            </elementValue>
          </time>
          <time>
            <startTime>2019-12-18T00:00:00+08:00</startTime>
            <endTime>2019-12-19T00:00:00+08:00</endTime>
            <elementValue>
              <value> </value>
              <measures>百分比</measures>
            </elementValue>
          </time>
          <time>
            <startTime>2019-12-19T00:00:00+08:00</startTime>
            <endTime>2019-12-20T00:00:00+08:00</endTime>
            <elementValue>
              <value> </value>
              <measures>百分比</measures>
            </elementValue>
          </time>
        </weatherElement>
        <weatherElement>
          <elementName>WD</elementName>
          <description>風向</description>
          <time>
            <startTime>2019-12-13T00:00:00+08:00</startTime>
            <endTime>2019-12-14T00:00:00+08:00</endTime>
            <elementValue>
              <value>偏北風</value>
              <measures>16方位</measures>
            </elementValue>
          </time>
          <time>
            <startTime>2019-12-14T00:00:00+08:00</startTime>
            <endTime>2019-12-15T00:00:00+08:00</endTime>
            <elementValue>
              <value>偏西風</value>
              <measures>16方位</measures>
            </elementValue>
          </time>
          <time>
            <startTime>2019-12-15T00:00:00+08:00</startTime>
            <endTime>2019-12-16T00:00:00+08:00</endTime>
            <elementValue>
              <value>偏南風</value>
              <measures>16方位</measures>
            </elementValue>
          </time>
          <time>
            <startTime>2019-12-16T00:00:00+08:00</startTime>
            <endTime>2019-12-17T00:00:00+08:00</endTime>
            <elementValue>
              <value>東北風</value>
              <measures>16方位</measures>
            </elementValue>
          </time>
          <time>
            <startTime>2019-12-17T00:00:00+08:00</startTime>
            <endTime>2019-12-18T00:00:00+08:00</endTime>
            <elementValue>
              <value>偏北風</value>
              <measures>16方位</measures>
            </elementValue>
          </time>
          <time>
            <startTime>2019-12-18T00:00:00+08:00</startTime>
            <endTime>2019-12-19T00:00:00+08:00</endTime>
            <elementValue>
              <value>偏北風</value>
              <measures>16方位</measures>
            </elementValue>
          </time>
          <time>
            <startTime>2019-12-19T00:00:00+08:00</startTime>
            <endTime>2019-12-20T00:00:00+08:00</endTime>
            <elementValue>
              <value>偏北風</value>
              <measures>16方位</measures>
            </elementValue>
          </time>
        </weatherElement>
        <weatherElement>
          <elementName>WS</elementName>
          <description>最大風速</description>
          <time>
            <startTime>2019-12-13T00:00:00+08:00</startTime>
            <endTime>2019-12-14T00:00:00+08:00</endTime>
            <elementValue>
              <value>5</value>
              <measures>公尺/秒</measures>
            </elementValue>
            <elementValue>
              <value>3</value>
              <measures>蒲福風級</measures>
            </elementValue>
          </time>
          <time>
            <startTime>2019-12-14T00:00:00+08:00</startTime>
            <endTime>2019-12-15T00:00:00+08:00</endTime>
            <elementValue>
              <value>5</value>
              <measures>公尺/秒</measures>
            </elementValue>
            <elementValue>
              <value>3</value>
              <measures>蒲福風級</measures>
            </elementValue>
          </time>
          <time>
            <startTime>2019-12-15T00:00:00+08:00</startTime>
            <endTime>2019-12-16T00:00:00+08:00</endTime>
            <elementValue>
              <value>4</value>
              <measures>公尺/秒</measures>
            </elementValue>
            <elementValue>
              <value>3</value>
              <measures>蒲福風級</measures>
            </elementValue>
          </time>
          <time>
            <startTime>2019-12-16T00:00:00+08:00</startTime>
            <endTime>2019-12-17T00:00:00+08:00</endTime>
            <elementValue>
              <value>4</value>
              <measures>公尺/秒</measures>
            </elementValue>
            <elementValue>
              <value>3</value>
              <measures>蒲福風級</measures>
            </elementValue>
          </time>
          <time>
            <startTime>2019-12-17T00:00:00+08:00</startTime>
            <endTime>2019-12-18T00:00:00+08:00</endTime>
            <elementValue>
              <value>4</value>
              <measures>公尺/秒</measures>
            </elementValue>
            <elementValue>
              <value>3</value>
              <measures>蒲福風級</measures>
            </elementValue>
          </time>
          <time>
            <startTime>2019-12-18T00:00:00+08:00</startTime>
            <endTime>2019-12-19T00:00:00+08:00</endTime>
            <elementValue>
              <value>4</value>
              <measures>公尺/秒</measures>
            </elementValue>
            <elementValue>
              <value>3</value>
              <measures>蒲福風級</measures>
            </elementValue>
          </time>
          <time>
            <startTime>2019-12-19T00:00:00+08:00</startTime>
            <endTime>2019-12-20T00:00:00+08:00</endTime>
            <elementValue>
              <value>5</value>
              <measures>公尺/秒</measures>
            </elementValue>
            <elementValue>
              <value>3</value>
              <measures>蒲福風級</measures>
            </elementValue>
          </time>
        </weatherElement>
        <weatherElement>
          <elementName>Wx</elementName>
          <description>天氣現象</description>
          <time>
            <startTime>2019-12-13T00:00:00+08:00</startTime>
            <endTime>2019-12-14T00:00:00+08:00</endTime>
            <elementValue>
              <value>晴時多雲</value>
              <measures>自定義 Wx 文字</measures>
            </elementValue>
            <elementValue>
              <value>02</value>
              <measures>自定義 Wx 單位</measures>
            </elementValue>
          </time>
          <time>
            <startTime>2019-12-14T00:00:00+08:00</startTime>
            <endTime>2019-12-15T00:00:00+08:00</endTime>
            <elementValue>
              <value>晴時多雲</value>
              <measures>自定義 Wx 文字</measures>
            </elementValue>
            <elementValue>
              <value>02</value>
              <measures>自定義 Wx 單位</measures>
            </elementValue>
          </time>
          <time>
            <startTime>2019-12-15T00:00:00+08:00</startTime>
            <endTime>2019-12-16T00:00:00+08:00</endTime>
            <elementValue>
              <value>晴時多雲</value>
              <measures>自定義 Wx 文字</measures>
            </elementValue>
            <elementValue>
              <value>02</value>
              <measures>自定義 Wx 單位</measures>
            </elementValue>
          </time>
          <time>
            <startTime>2019-12-16T00:00:00+08:00</startTime>
            <endTime>2019-12-17T00:00:00+08:00</endTime>
            <elementValue>
              <value>晴時多雲</value>
              <measures>自定義 Wx 文字</measures>
            </elementValue>
            <elementValue>
              <value>02</value>
              <measures>自定義 Wx 單位</measures>
            </elementValue>
          </time>
          <time>
            <startTime>2019-12-17T00:00:00+08:00</startTime>
            <endTime>2019-12-18T00:00:00+08:00</endTime>
            <elementValue>
              <value>晴時多雲</value>
              <measures>自定義 Wx 文字</measures>
            </elementValue>
            <elementValue>
              <value>02</value>
              <measures>自定義 Wx 單位</measures>
            </elementValue>
          </time>
          <time>
            <startTime>2019-12-18T00:00:00+08:00</startTime>
            <endTime>2019-12-19T00:00:00+08:00</endTime>
            <elementValue>
              <value>晴時多雲</value>
              <measures>自定義 Wx 文字</measures>
            </elementValue>
            <elementValue>
              <value>02</value>
              <measures>自定義 Wx 單位</measures>
            </elementValue>
          </time>
          <time>
            <startTime>2019-12-19T00:00:00+08:00</startTime>
            <endTime>2019-12-20T00:00:00+08:00</endTime>
            <elementValue>
              <value>晴時多雲</value>
              <measures>自定義 Wx 文字</measures>
            </elementValue>
            <elementValue>
              <value>02</value>
              <measures>自定義 Wx 單位</measures>
            </elementValue>
          </time>
        </weatherElement>
        <weatherElement>
          <elementName>UVI</elementName>
          <description>紫外獻指數</description>
          <time>
            <startTime>2019-12-13T06:00:00+08:00</startTime>
            <endTime>2019-12-13T18:00:00+08:00</endTime>
            <elementValue>
              <value>5</value>
              <measures>紫外線指數</measures>
            </elementValue>
            <elementValue>
              <value>中量級</value>
              <measures>曝曬級數</measures>
            </elementValue>
          </time>
          <time>
            <startTime>2019-12-14T06:00:00+08:00</startTime>
            <endTime>2019-12-14T18:00:00+08:00</endTime>
            <elementValue>
              <value>5</value>
              <measures>紫外線指數</measures>
            </elementValue>
            <elementValue>
              <value>中量級</value>
              <measures>曝曬級數</measures>
            </elementValue>
          </time>
          <time>
            <startTime>2019-12-15T06:00:00+08:00</startTime>
            <endTime>2019-12-15T18:00:00+08:00</endTime>
            <elementValue>
              <value>5</value>
              <measures>紫外線指數</measures>
            </elementValue>
            <elementValue>
              <value>中量級</value>
              <measures>曝曬級數</measures>
            </elementValue>
          </time>
          <time>
            <startTime>2019-12-16T06:00:00+08:00</startTime>
            <endTime>2019-12-16T18:00:00+08:00</endTime>
            <elementValue>
              <value>5</value>
              <measures>紫外線指數</measures>
            </elementValue>
            <elementValue>
              <value>中量級</value>
              <measures>曝曬級數</measures>
            </elementValue>
          </time>
          <time>
            <startTime>2019-12-17T06:00:00+08:00</startTime>
            <endTime>2019-12-17T18:00:00+08:00</endTime>
            <elementValue>
              <value>5</value>
              <measures>紫外線指數</measures>
            </elementValue>
            <elementValue>
              <value>中量級</value>
              <measures>曝曬級數</measures>
            </elementValue>
          </time>
          <time>
            <startTime>2019-12-18T06:00:00+08:00</startTime>
            <endTime>2019-12-18T18:00:00+08:00</endTime>
            <elementValue>
              <value>5</value>
              <measures>紫外線指數</measures>
            </elementValue>
            <elementValue>
              <value>中量級</value>
              <measures>曝曬級數</measures>
            </elementValue>
          </time>
          <time>
            <startTime>2019-12-19T06:00:00+08:00</startTime>
            <endTime>2019-12-19T18:00:00+08:00</endTime>
            <elementValue>
              <value>5</value>
              <measures>紫外線指數</measures>
            </elementValue>
            <elementValue>
              <value>中量級</value>
              <measures>曝曬級數</measures>
            </elementValue>
          </time>
        </weatherElement>
        <weatherElement>
          <elementName>WeatherDescription</elementName>
          <description>天氣預報綜合描述</description>
          <time>
            <startTime>2019-12-13T00:00:00+08:00</startTime>
            <endTime>2019-12-14T00:00:00+08:00</endTime>
            <elementValue>
              <value>晴時多雲。降雨機率 0%。溫度攝氏13至29度。寒冷至舒適。偏北風 風速3級(每秒5公尺)。相對濕度71%。</value>
              <measures>NA</measures>
            </elementValue>
          </time>
          <time>
            <startTime>2019-12-14T00:00:00+08:00</startTime>
            <endTime>2019-12-15T00:00:00+08:00</endTime>
            <elementValue>
              <value>晴時多雲。降雨機率 0%。溫度攝氏14至28度。寒冷至舒適。偏西風 風速3級(每秒5公尺)。相對濕度69%。</value>
              <measures>NA</measures>
            </elementValue>
          </time>
          <time>
            <startTime>2019-12-15T00:00:00+08:00</startTime>
            <endTime>2019-12-16T00:00:00+08:00</endTime>
            <elementValue>
              <value>晴時多雲。降雨機率 0%。溫度攝氏16至29度。稍有寒意至舒適。偏南風 風速3級(每秒4公尺)。相對濕度70%。</value>
              <measures>NA</measures>
            </elementValue>
          </time>
          <time>
            <startTime>2019-12-16T00:00:00+08:00</startTime>
            <endTime>2019-12-17T00:00:00+08:00</endTime>
            <elementValue>
              <value>晴時多雲。溫度攝氏17至30度。稍有寒意至舒適。東北風 風速3級(每秒4公尺)。相對濕度70%。</value>
              <measures>NA</measures>
            </elementValue>
          </time>
          <time>
            <startTime>2019-12-17T00:00:00+08:00</startTime>
            <endTime>2019-12-18T00:00:00+08:00</endTime>
            <elementValue>
              <value>晴時多雲。溫度攝氏17至30度。稍有寒意至舒適。偏北風 風速3級(每秒4公尺)。相對濕度71%。</value>
              <measures>NA</measures>
            </elementValue>
          </time>
          <time>
            <startTime>2019-12-18T00:00:00+08:00</startTime>
            <endTime>2019-12-19T00:00:00+08:00</endTime>
            <elementValue>
              <value>晴時多雲。溫度攝氏17至29度。稍有寒意至舒適。偏北風 風速3級(每秒4公尺)。相對濕度68%。</value>
              <measures>NA</measures>
            </elementValue>
          </time>
          <time>
            <startTime>2019-12-19T00:00:00+08:00</startTime>
            <endTime>2019-12-20T00:00:00+08:00</endTime>
            <elementValue>
              <value>晴時多雲。溫度攝氏17至28度。稍有寒意至舒適。偏北風 風速3級(每秒5公尺)。相對濕度72%。</value>
              <measures>NA</measures>
            </elementValue>
          </time>
        </weatherElement>
      </location>
    </locations>
  </dataset>
</cwbopendata>
